species_id,hatchling_type,foraging_nearshore,foraging_midshore,foraging_offshore,mate_fidelity,site_fidelity,coloniality,comments,username,dt
Aethia cristatella,SP,Y,,Y,,,,,grant,27/06/2016
Aethia psittacula,SP,,,Y,,,,,grant,27/06/2016
Aethia pusilla,SP,Y,,Y,,,,,grant,27/06/2016
Aethia pygmaea,SP,Y,,,,,,,grant,27/06/2016
Alca torda,SP,Y,,,,,,,grant,27/06/2016
Alle alle,SP,Y,,Y,,,,,grant,27/06/2016
Brachyramphus brevirostris,SP,Y,,,,,,,grant,27/06/2016
Brachyramphus marmoratus,SP,Y,,Y,,,,,grant,27/06/2016
Brachyramphus perdix,SP,,,,,,,,grant,27/06/2016
Cepphus carbo,SP,,,,,,,,grant,27/06/2016
Cepphus columba,SP,Y,,,,,,,grant,27/06/2016
Cepphus grylle,SP,Y,,,,,,,grant,27/06/2016
Cerorhinca monocerata,SP,Y,,Y,,,,,grant,27/06/2016
Fratercula arctica,SP,Y,,Y,,,,,grant,27/06/2016
Fratercula cirrhata,SP,,,Y,,,,,grant,27/06/2016
Fratercula corniculata,SP,,,Y,,,,,grant,27/06/2016
Pinguinus impennis,SP,,,,,,,,grant,27/06/2016
Ptychoramphus aleuticus,SP,Y,,Y,,,,,grant,27/06/2016
Synthliboramphus antiquus,P,Y,,Y,,,,,grant,27/06/2016
Synthliboramphus craveri,P,,,,,,,,grant,27/06/2016
Synthliboramphus hypoleucus,P,,,Y,,,,,grant,27/06/2016
Synthliboramphus scrippsi,,,,,,,,,grant,27/06/2016
Synthliboramphus wumizusume,P,,Y,,,,,,grant,27/06/2016
Uria aalge,SP,Y,,Y,,,,,grant,27/06/2016
Uria lomvia,SP,Y,,Y,,,,,grant,27/06/2016
Anhinga anhinga,,,,,,,,,grant,27/06/2016
Anhinga melanogaster,,,,,,,,,grant,27/06/2016
Anhinga novaehollandiae,,,,,,,,,grant,27/06/2016
Anhinga rufa,,,,,,,,,grant,27/06/2016
Agamia agami,,,,,,,,,grant,27/06/2016
Ardea alba,,,,,,,,,grant,27/06/2016
Ardea brachyrhyncha,,,,,,,,,grant,27/06/2016
Ardea cinerea,,,,,,,N,,grant,27/06/2016
Ardea cocoi,,,,,,,,,grant,27/06/2016
Ardea goliath,,,,,,,,,grant,27/06/2016
Ardea herodias,,,,,,,,,grant,27/06/2016
Ardea humbloti,,,,,,,,,grant,27/06/2016
Ardea insignis,,,,,,,,,grant,27/06/2016
Ardea intermedia,,,,,,,Y,,grant,27/06/2016
Ardea melanocephala,,,,,,,,,grant,27/06/2016
Ardea pacifica,,,,,,,,,grant,27/06/2016
Ardea plumifera,,,,,,,N,,grant,27/06/2016
Ardea purpurea,,,,,,,,,grant,27/06/2016
Ardea sumatrana,,,,,,,Y,,grant,27/06/2016
Ardeola bacchus,,,,,,,,,grant,27/06/2016
Ardeola grayii,,,,,,,,,grant,27/06/2016
Ardeola idae,,,,,,,,,grant,27/06/2016
Ardeola ralloides,,,,,,,Y/N,,grant,27/06/2016
Ardeola rufiventris,,,,,,,N,,grant,27/06/2016
Ardeola speciosa,,,,,,,,,grant,27/06/2016
Botaurus lentiginosus,,,,,,,,,grant,27/06/2016
Botaurus pinnatus,,,,,,,,,grant,27/06/2016
Botaurus poiciloptilus,,,,,,,,,grant,27/06/2016
Botaurus stellaris,,,,,,,,,grant,27/06/2016
Bubulcus ibis,,,,,,,N,,grant,27/06/2016
Butorides striata,,,,,,,,,grant,27/06/2016
Calherodius leuconotus,,,,,,,,,grant,27/06/2016
Cochlearius cochlearius,,,,,,,,,grant,27/06/2016
Egretta ardesiaca,,,,,,,,,grant,27/06/2016
Egretta caerulea,,,,,,,,,grant,27/06/2016
Egretta eulophotes,,,,,,,,,grant,27/06/2016
Egretta garzetta,,,,,,,Y,,grant,27/06/2016
Egretta gularis,,,,,,,,,grant,27/06/2016
Egretta novaehollandiae,,,,,,,,,grant,27/06/2016
Egretta picata,,,,,,,,,grant,27/06/2016
Egretta rufescens,,,,,,,,,grant,27/06/2016
Egretta sacra,,,,,,,,,grant,27/06/2016
Egretta thula,,,,,,,,,grant,27/06/2016
Egretta tricolor,,,,,,,N,,grant,27/06/2016
Egretta vinaceigula,,,,,,,,,grant,27/06/2016
Gorsachius goisagi,,,,,,,,,grant,27/06/2016
Gorsachius magnificus,,,,,,,,,grant,27/06/2016
Gorsachius melanolophus,,,,,,,,,grant,27/06/2016
Ixobrychus cinnamomeus,,,,,,,,,grant,27/06/2016
Ixobrychus dubius,,,,,,,N,,grant,27/06/2016
Ixobrychus eurhythmus,,,,,,,,,grant,27/06/2016
Ixobrychus exilis,,,,,,,N,,grant,27/06/2016
Ixobrychus flavicollis,,,,,,,,,grant,27/06/2016
Ixobrychus involucris,,,,,,,,,grant,27/06/2016
Ixobrychus minutus,,,,,,,N,,grant,27/06/2016
Ixobrychus novaezelandiae,,,,,,,,,grant,27/06/2016
Ixobrychus sinensis,,,,,,,,,grant,27/06/2016
Ixobrychus sturmii,,,,,,,,,grant,27/06/2016
Nyctanassa carcinocatactes,,,,,,,,,grant,27/06/2016
Nyctanassa violacea,,,,,,,,,grant,27/06/2016
Nycticorax caledonicus,,,,,,,,,grant,27/06/2016
Nycticorax duboisi,,,,,,,,,grant,27/06/2016
Nycticorax mauritianus,,,,,,,,,grant,27/06/2016
Nycticorax megacephalus,,,,,,,,,grant,27/06/2016
Nycticorax nycticorax,,,,,,,,,grant,27/06/2016
Pilherodius pileatus,,,,,,,N,,grant,27/06/2016
Syrigma sibilatrix,,,,,,,,,grant,27/06/2016
Tigriornis leucolopha,,,,,,,N,,grant,27/06/2016
Tigrisoma fasciatum,,,,,,,,,grant,27/06/2016
Tigrisoma lineatum,,,,,,,,,grant,27/06/2016
Tigrisoma mexicanum,,,,,,,N,,grant,27/06/2016
Zebrilus undulatus,,,,,,,,,grant,27/06/2016
Zonerodius heliosylus,,,,,,,,,grant,27/06/2016
Balaeniceps rex,,,,,,,,,grant,27/06/2016
Burhinus bistriatus,,,,,,,,,grant,27/06/2016
Burhinus capensis,,,,,,,,,grant,27/06/2016
Burhinus grallarius,,,,,,,,,grant,27/06/2016
Burhinus indicus,,,,,,,,,grant,27/06/2016
Burhinus oedicnemus,,,,,,,,,grant,27/06/2016
Burhinus senegalensis,,,,,,,,,grant,27/06/2016
Burhinus superciliaris,,,,,,,,,grant,27/06/2016
Burhinus vermiculatus,,,,,,,,,grant,27/06/2016
Esacus magnirostris,,,,,,,,,grant,27/06/2016
Esacus recurvirostris,,,,,,,,,grant,27/06/2016
Anarhynchus frontalis,,,,,,,,,grant,27/06/2016
Charadrius alexandrinus,,,,,,,,,grant,27/06/2016
Charadrius alticola,,,,,,,,,grant,27/06/2016
Charadrius aquilonius,,,,,,,,,grant,27/06/2016
Charadrius asiaticus,,,,,,,,,grant,27/06/2016
Charadrius bicinctus,,,,,,,,,grant,27/06/2016
Charadrius bifrontatus,,,,,,,,,grant,27/06/2016
Charadrius collaris,,,,,,,,,grant,27/06/2016
Charadrius dealbatus,,,,,,,,,grant,27/06/2016
Charadrius dubius,,,,,,,,,grant,27/06/2016
Charadrius falklandicus,,,,,,,,,grant,27/06/2016
Charadrius forbesi,,,,,,,,,grant,27/06/2016
Charadrius hiaticula,,,,,,,,,grant,27/06/2016
Charadrius javanicus,,,,,,,,,grant,27/06/2016
Charadrius leschenaultii,,,,,,,,,grant,27/06/2016
Charadrius marginatus,,,,,,,,,grant,27/06/2016
Charadrius melodus,,,,,,,,,grant,27/06/2016
Charadrius modestus,,,,,,,,,grant,27/06/2016
Charadrius mongolus,,,,,,,,,grant,27/06/2016
Charadrius montanus,,,,,,,,,grant,27/06/2016
Charadrius nivosus,,,,,,,,,grant,27/06/2016
Charadrius obscurus,,,,,,,,,grant,27/06/2016
Charadrius pallidus,,,,,,,,,grant,27/06/2016
Charadrius pecuarius,,,,,,,,,grant,27/06/2016
Charadrius peronii,,,,,,,,,grant,27/06/2016
Charadrius placidus,,,,,,,,,grant,27/06/2016
Charadrius ruficapillus,,,,,,,,,grant,27/06/2016
Charadrius sanctaehelenae,,,,,,,,,grant,27/06/2016
Charadrius semipalmatus,,,,,,,,,grant,27/06/2016
Charadrius thoracicus,,,,,,,,,grant,27/06/2016
Charadrius tricollaris,,,,,,,,,grant,27/06/2016
Charadrius veredus,,,,,,,,,grant,27/06/2016
Charadrius vociferus,,,,,,,,,grant,27/06/2016
Charadrius wilsonia,,,,,,,,,grant,27/06/2016
Elseyornis melanops,,,,,,,,,grant,27/06/2016
Erythrogonys cinctus,,,,,,,,,grant,27/06/2016
Eudromias morinellus,,,,,,,,,grant,27/06/2016
Hoploxypterus cayanus,,,,,,,,,grant,27/06/2016
Oreopholus ruficollis,,,,,,,,,grant,27/06/2016
Peltohyas australis,,,,,,,,,grant,27/06/2016
Phegornis mitchellii,,,,,,,,,grant,27/06/2016
Pluvialis apricaria,,,,,,,,,grant,27/06/2016
Pluvialis dominica,,,,,,,,,grant,27/06/2016
Pluvialis fulva,,,,,,,,,grant,27/06/2016
Pluvialis squatarola,,,,,,,,,grant,27/06/2016
Thinornis cucullatus,,,,,,,,,grant,27/06/2016
Thinornis novaeseelandiae,,,,,,,,,grant,27/06/2016
Vanellus albiceps,,,,,,,,,grant,27/06/2016
Vanellus armatus,,,,,,,,,grant,27/06/2016
Vanellus chilensis,,,,,,,,,grant,27/06/2016
Vanellus cinereus,,,,,,,,,grant,27/06/2016
Vanellus coronatus,,,,,,,,,grant,27/06/2016
Vanellus crassirostris,,,,,,,,,grant,27/06/2016
Vanellus duvaucelii,,,,,,,,,grant,27/06/2016
Vanellus gregarius,,,,,,,,,grant,27/06/2016
Vanellus indicus,,,,,,,,,grant,27/06/2016
Vanellus leucurus,,,,,,,,,grant,27/06/2016
Vanellus lugubris,,,,,,,,,grant,27/06/2016
Vanellus macropterus,,,,,,,,,grant,27/06/2016
Vanellus malarbaricus,,,,,,,,,grant,27/06/2016
Vanellus melanocephalus,,,,,,,,,grant,27/06/2016
Vanellus melanopterus,,,,,,,,,grant,27/06/2016
Vanellus miles,,,,,,,,,grant,27/06/2016
Vanellus novaehollandiae,,,,,,,,,grant,27/06/2016
Vanellus resplendens,,,,,,,,,grant,27/06/2016
Vanellus senegallus,,,,,,,,,grant,27/06/2016
Vanellus spinosus,,,,,,,,,grant,27/06/2016
Vanellus superciliosus,,,,,,,,,grant,27/06/2016
Vanellus tectus,,,,,,,,,grant,27/06/2016
Vanellus tricolor,,,,,,,,,grant,27/06/2016
Vanellus vanellus,,,,,,,,,grant,27/06/2016
Chionis albus,,,,,,,,,grant,27/06/2016
Chionis minor,,,,,,,,,grant,27/06/2016
Diomedea amsterdamensis,SP,,,,,,,,grant,27/06/2016
Diomedea antipodensis,SP,,,,,,,,grant,27/06/2016
Diomedea dabbenena,SP,,,,,,,,grant,27/06/2016
Diomedea epomophora,SP,,,Y,,,,,grant,27/06/2016
Diomedea exulans,SP,,,Y,,,,,grant,27/06/2016
Diomedea sanfordi,SP,,,,,,,,grant,27/06/2016
Phoebastria albatrus,SP,,,,,,,,grant,27/06/2016
Phoebastria immutabilis,SP,,,Y,,,,,grant,27/06/2016
Phoebastria irrorata,SP,,,,,,,,grant,27/06/2016
Phoebastria nigripes,SP,,,Y,,,,,grant,27/06/2016
Phoebetria fusca,SP,Y,,,,,,,grant,27/06/2016
Phoebetria palpebrata,SP,,,Y,,,,,grant,27/06/2016
Thalassarche bulleri,SP,Y,,,,,,,grant,27/06/2016
Thalassarche carteri,SP,,,Y,,,,,grant,27/06/2016
Thalassarche cauta,SP,Y,,Y,,,,,grant,27/06/2016
Thalassarche chlororhynchos,SP,,,Y,,,,,grant,27/06/2016
Thalassarche chrysostoma,SP,,,Y,,,,,grant,27/06/2016
Thalassarche eremita,SP,,,,,,,,grant,27/06/2016
Thalassarche impavida,SP,,,Y,,,,,grant,27/06/2016
Thalassarche melanophris,SP,Y,,Y,,,,,grant,27/06/2016
Thalassarche salvini,SP,,,,,,,,grant,27/06/2016
Thalassarche steadi,,,,,,,,,grant,27/06/2016
Dromas ardeola,,,,,,,,,grant,27/06/2016
Fregata andrewsi,A,Y,,Y,,,,,grant,27/06/2016
Fregata aquila,A,,,Y,,,,,grant,27/06/2016
Fregata ariel,A,,,Y,,,,,grant,27/06/2016
Fregata magnificens,A,,,Y,,,,,grant,27/06/2016
Fregata minor,A,,,Y,,,,,grant,27/06/2016
Cursorius coromandelicus,,,,,,,,,grant,27/06/2016
Cursorius cursor,,,,,,,,,grant,27/06/2016
Cursorius rufus,,,,,,,,,grant,27/06/2016
Cursorius somalensis,,,,,,,,,grant,27/06/2016
Cursorius temminckii,,,,,,,,,grant,27/06/2016
Glareola cinerea,,,,,,,,,grant,27/06/2016
Glareola lactea,,,,,,,,,grant,27/06/2016
Glareola maldivarum,,,,,,,,,grant,27/06/2016
Glareola nordmanni,,,,,,,,,grant,27/06/2016
Glareola nuchalis,,,,,,,,,grant,27/06/2016
Glareola ocularis,,,,,,,,,grant,27/06/2016
Glareola pratincola,,,,,,,,,grant,27/06/2016
Rhinoptilus bitorquatus,,,,,,,,,grant,27/06/2016
Rhinoptilus chalcopterus,,,,,,,,,grant,27/06/2016
Rhinoptilus cinctus,,,,,,,,,grant,27/06/2016
Smutsornis africanus,,,,,,,,,grant,27/06/2016
Stiltia isabella,,,,,,,,,grant,27/06/2016
Haematopus ater,,,,,,,,,grant,27/06/2016
Haematopus chathamensis,,,,,,,,,grant,27/06/2016
Haematopus fuliginosus,,,,,,,,,grant,27/06/2016
Haematopus leucopodus,,,,,,,,,grant,27/06/2016
Haematopus longirostris,,,,,,,,,grant,27/06/2016
Haematopus meadewaldoi,,,,,,,,,grant,27/06/2016
Haematopus moquini,,,,,,,,,grant,27/06/2016
Haematopus ostralegus,,,,,,,,,grant,27/06/2016
Haematopus palliatus,,,,,,,,,grant,27/06/2016
Haematopus unicolor,,,,,,,,,grant,27/06/2016
Hydrobates castro,SP,,,,,,,,grant,27/06/2016
Hydrobates furcatus,SP,,,Y,,,,,grant,27/06/2016
Hydrobates homochroa,SP,Y,,Y,,,,,grant,27/06/2016
Hydrobates hornbyi,SP,,,Y,,,,,grant,27/06/2016
Hydrobates leucorhous,SP,,,Y,,,,,grant,27/06/2016
Hydrobates macrodactylus,,,,,,,,,grant,27/06/2016
Hydrobates markhami,SP,,,Y,,,,,grant,27/06/2016
Hydrobates matsudairae,SP,,,,,,,,grant,27/06/2016
Hydrobates melania,SP,,,,,,,,grant,27/06/2016
Hydrobates microsoma,SP,,,,,,,,grant,27/06/2016
Hydrobates monorhis,SP,,,,,,,,grant,27/06/2016
Hydrobates monteiroi,,,,,,,,,grant,27/06/2016
Hydrobates pelagicus,SP,,,Y,,,,,grant,27/06/2016
Hydrobates tethys,SP,,,Y,,,,,grant,27/06/2016
Hydrobates tristrami,SP,,,Y,,,,,grant,27/06/2016
Ibidorhyncha struthersii,,,,,,,,,grant,27/06/2016
Actophilornis africanus,,,,,,,,,grant,27/06/2016
Actophilornis albinucha,,,,,,,,,grant,27/06/2016
Hydrophasianus chirurgus,,,,,,,,,grant,27/06/2016
Irediparra gallinacea,,,,,,,,,grant,27/06/2016
Jacana jacana,,,,,,,,,grant,27/06/2016
Jacana spinosa,,,,,,,,,grant,27/06/2016
Metopidius indicus,,,,,,,,,grant,27/06/2016
Microparra capensis,,,,,,,,,grant,27/06/2016
Anous minutus,SP,,Y,,,,,,grant,27/06/2016
Anous stolidus,SP,,Y,,,,,,grant,27/06/2016
Anous tenuirostris,SP,,,,,,,,grant,27/06/2016
Chlidonias albostriatus,SP,,,,,,,,grant,27/06/2016
Chlidonias hybrida,SP,,,,,,,,grant,27/06/2016
Chlidonias leucopterus,SP,,,,,,,,grant,27/06/2016
Chlidonias niger,SP,Y,,,,,,,grant,27/06/2016
Creagrus furcatus,SP,,,Y,,,,,grant,27/06/2016
Gelochelidon macrotarsa,,,,,,,,,grant,27/06/2016
Gelochelidon nilotica,P,Y,,,,,,,grant,27/06/2016
Gygis alba,SP,Y,,Y,,,,,grant,27/06/2016
Gygis microrhyncha,SP,,,,,,,,grant,27/06/2016
Hydrocoloeus minutus,SP,Y,,,,,,,grant,27/06/2016
Hydroprogne caspia,SP,Y,,,,,,,grant,27/06/2016
Larosterna inca,SP,,,,,,,,grant,27/06/2016
Larus argentatus,SP,Y,,,,,,,grant,27/06/2016
Larus armenicus,SP,,,,,,,,grant,27/06/2016
Larus atlanticus,SP,,,,,,,,grant,27/06/2016
Larus atricilla,SP,Y,,,,,,,grant,27/06/2016
Larus audouinii,SP,,,,,,,,grant,27/06/2016
Larus belcheri,SP,,,,,,,,grant,27/06/2016
Larus brunnicephalus,SP,,,,,,,,grant,27/06/2016
Larus bulleri,SP,,,,,,,,grant,27/06/2016
Larus cachinnans,,,,,,,,,grant,27/06/2016
Larus californicus,SP,Y,,,,,,,grant,27/06/2016
Larus canus,SP,,,,,,,,grant,27/06/2016
Larus cirrocephalus,SP,,,,,,,,grant,27/06/2016
Larus crassirostris,SP,,,,,,,,grant,27/06/2016
Larus delawarensis,SP,Y,,,,,,,grant,27/06/2016
Larus dominicanus,SP,Y,,,,,,,grant,27/06/2016
Larus fuliginosus,SP,,,,,,,,grant,27/06/2016
Larus fuscus,SP,,,,,,,,grant,27/06/2016
Larus genei,SP,,,,,,,,grant,27/06/2016
Larus glaucescens,SP,Y,,,,,,,grant,27/06/2016
Larus glaucoides,SP,,,,,,,,grant,27/06/2016
Larus hartlaubii,SP,,,,,,,,grant,27/06/2016
Larus heermanni,SP,,,,,,,,grant,27/06/2016
Larus hemprichii,SP,,,,,,,,grant,27/06/2016
Larus hyperboreus,SP,,,,,,,,grant,27/06/2016
Larus ichthyaetus,SP,,,,,,,,grant,27/06/2016
Larus leucophthalmus,SP,,,,,,,,grant,27/06/2016
Larus livens,SP,Y,,,,,,,grant,27/06/2016
Larus maculipennis,SP,,,,,,,,grant,27/06/2016
Larus marinus,SP,Y,,Y,,,,,grant,27/06/2016
Larus melanocephalus,SP,,,,,,,,grant,27/06/2016
Larus michahellis,SP,,,,,,,,grant,27/06/2016
Larus modestus,SP,,,,,,,,grant,27/06/2016
Larus novaehollandiae,SP,Y,,,,,,,grant,27/06/2016
Larus occidentalis,SP,Y,,,,,,,grant,27/06/2016
Larus pacificus,SP,,,,,,,,grant,27/06/2016
Larus philadelphia,SP,,,,,,,,grant,27/06/2016
Larus pipixcan,SP,Y,,,,,,,grant,27/06/2016
Larus relictus,SP,,,,,,,,grant,27/06/2016
Larus ridibundus,SP,Y,,,,,,,grant,27/06/2016
Larus schistisagus,SP,,,,,,,,grant,27/06/2016
Larus scopulinus,SP,,,,,,,,grant,27/06/2016
Larus scoresbii,SP,Y,,,,,,,grant,27/06/2016
Larus serranus,SP,,,,,,,,grant,27/06/2016
Larus smithsonianus,,,,,,,,,grant,27/06/2016
Larus thayeri,SP,,,,,,,,grant,27/06/2016
Onychoprion aleuticus,SP,,Y,,,,,,grant,27/06/2016
Onychoprion anaethetus,SP,Y,,Y,,,,,grant,27/06/2016
Onychoprion fuscatus,SP,,,Y,,,,,grant,27/06/2016
Onychoprion lunatus,SP,,Y,,,,,,grant,27/06/2016
Pagophila eburnea,SP,Y,,,,,,,grant,27/06/2016
Phaetusa simplex,SP,,,,,,,,grant,27/06/2016
Procelsterna albivitta,SP,,,,,,,,grant,27/06/2016
Procelsterna cerulea,SP,,,,,,,,grant,27/06/2016
Rhodostethia rosea,SP,,,,,,,,grant,27/06/2016
Rissa brevirostris,SP,,,Y,,,,,grant,27/06/2016
Rissa tridactyla,SP,Y,,,,,,,grant,27/06/2016
Rynchops albicollis,,Y,,,,,,,grant,27/06/2016
Rynchops flavirostris,SP,Y,,,,,,,grant,27/06/2016
Rynchops niger,SP,Y,,,,,,,grant,27/06/2016
Saundersilarus saundersi,SP,,,,,,,,grant,27/06/2016
Sterna acuticauda,SP,,,,,,,,grant,27/06/2016
Sterna aurantia,SP,Y,,,,,,,grant,27/06/2016
Sterna dougallii,SP,Y,,,,,,,grant,27/06/2016
Sterna forsteri,SP,,,,,,,,grant,27/06/2016
Sterna hirundinacea,SP,Y,,Y,,,,,grant,27/06/2016
Sterna hirundo,SP,Y,,,,,,,grant,27/06/2016
Sterna paradisaea,SP,Y,,,,,,,grant,27/06/2016
Sterna repressa,SP,,,,,,,,grant,27/06/2016
Sterna striata,SP,,,,,,,,grant,27/06/2016
Sterna sumatrana,SP,Y,,,,,,,grant,27/06/2016
Sterna trudeaui,SP,,,,,,,,grant,27/06/2016
Sterna virgata,SP,,,,,,,,grant,27/06/2016
Sterna vittata,SP,,,,,,,,grant,27/06/2016
Sternula albifrons,SP,,,,,,,,grant,27/06/2016
Sternula antillarum,SP,Y,,,,,,,grant,27/06/2016
Sternula balaenarum,SP,,,,,,,,grant,27/06/2016
Sternula lorata,SP,,,,,,,,grant,27/06/2016
Sternula nereis,SP,,,,,,,,grant,27/06/2016
Sternula saundersi,SP,,,,,,,,grant,27/06/2016
Sternula superciliaris,SP,,,,,,,,grant,27/06/2016
Thalasseus bengalensis,SP,,,,,,,,grant,27/06/2016
Thalasseus bergii,SP,Y,,,,,,,grant,27/06/2016
Thalasseus bernsteini,SP,,,,,,,,grant,27/06/2016
Thalasseus elegans,SP,Y,,Y,,,,,grant,27/06/2016
Thalasseus maximus,SP,Y,,,,,,,grant,27/06/2016
Thalasseus sandvicensis acuflavida,SP,Y,,,,,,,grant,27/06/2016
Thalasseus sandvicensis eurygnatha,SP,Y,,,,,,,grant,27/06/2016
Xema sabini,SP,Y,,,,,,,grant,27/06/2016
Fregetta grallaria,SP,,,Y,,,,,grant,27/06/2016
Fregetta maoriana,,,,,,,,,grant,27/06/2016
Fregetta tropica,SP,,,Y,,,,,grant,27/06/2016
Garrodia nereis,SP,,,Y,,,,,grant,27/06/2016
Nesofregetta fuliginosa,SP,,,Y,,,,,grant,27/06/2016
Oceanites gracilis,SP,,,,,,,,grant,27/06/2016
Oceanites gracilis galapagoensis,,,,,,,,,grant,27/06/2016
Oceanites oceanicus,SP,,,Y,,,,,grant,27/06/2016
Oceanites oceanicus chilensis,,,,,,,,,grant,27/06/2016
Oceanites oceanicus exasperatus,,,,,,,,,grant,27/06/2016
Oceanites oceanicus oceanicus,,,,,,,,,grant,27/06/2016
Oceanites pincoyae,,,,,,,,,grant,27/06/2016
Pelagodroma marina,SP,,,Y,,,,,grant,27/06/2016
Pedionomus torquatus,,,,,,,,,grant,27/06/2016
Pelecanus conspicillatus,A,Y,,Y,,,,,grant,27/06/2016
Pelecanus crispus,A,Y,,,,,,,grant,27/06/2016
Pelecanus erythrorhynchos,,,,,,,,,grant,27/06/2016
Pelecanus occidentalis,A,Y,,Y,,,,,grant,27/06/2016
Pelecanus onocrotalus,A,Y,,,,,,,grant,27/06/2016
Pelecanus philippensis,A,,,,,,,,grant,27/06/2016
Pelecanus rufescens,A,,,,,,,,grant,27/06/2016
Pelecanus thagus,,,,,,,,,grant,27/06/2016
Phaethon aethereus,SA,,,Y,,,,,grant,27/06/2016
Phaethon lepturus,SA,,,Y,,,,,grant,27/06/2016
Phaethon rubricauda,SA,,,Y,,,,,grant,27/06/2016
Microcarbo africanus,A,,Y,,,,,,grant,27/06/2016
Microcarbo coronatus,A,Y,,,,,,,grant,27/06/2016
Microcarbo melanoleucos,A,Y,,,,,,,grant,27/06/2016
Microcarbo niger,A,Y,,,,,,,grant,27/06/2016
Microcarbo pygmaeus,A,Y,,,,,,,grant,27/06/2016
Phalacrocorax bransfieldensis,A,Y,,,,,,,grant,27/06/2016
Phalacrocorax georgianus,A,Y,,,,,,,grant,27/06/2016
Phalacrocorax aristotelis,A,Y,,Y,,,,,grant,27/06/2016
Phalacrocorax atriceps,A,Y,,,,,,,grant,27/06/2016
Phalacrocorax auritus,A,Y,,,,,,,grant,27/06/2016
Phalacrocorax bougainvilliorum,A,Y,,Y,,,,,grant,27/06/2016
Phalacrocorax brasilianus,A,Y,,,,,,,grant,27/06/2016
Phalacrocorax campbelli,A,Y,,Y,,,,,grant,27/06/2016
Phalacrocorax capensis,A,Y,,,,,,,grant,27/06/2016
Phalacrocorax capillatus,A,Y,,,,,,,grant,27/06/2016
Phalacrocorax carbo,A,Y,,Y,,,,,grant,27/06/2016
Phalacrocorax carunculatus,A,Y,,,,,,,grant,27/06/2016
Phalacrocorax chalconotus,A,Y,,,,,,,grant,27/06/2016
Phalacrocorax colensoi,A,Y,,Y,,,,,grant,27/06/2016
Phalacrocorax featherstoni,A,Y,,Y,,,,,grant,27/06/2016
Phalacrocorax fuscescens,A,Y,,,,,,,grant,27/06/2016
Phalacrocorax fuscicollis,A,,,,,,,,grant,27/06/2016
Phalacrocorax gaimardi,A,,,,,,,,grant,27/06/2016
Phalacrocorax harrisi,A,Y,,,,,,,grant,27/06/2016
Phalacrocorax magellanicus,A,Y,,,,,,,grant,27/06/2016
Phalacrocorax neglectus,A,Y,,,,,,,grant,27/06/2016
Phalacrocorax nigrogularis,,Y,,,,,,,grant,27/06/2016
Phalacrocorax onslowi,A,Y,,,,,,,grant,27/06/2016
Phalacrocorax pelagicus,A,Y,,Y,,,,,grant,27/06/2016
Phalacrocorax penicillatus,A,,Y,,,,,,grant,27/06/2016
Phalacrocorax perspicillatus,,,,,,,,,grant,27/06/2016
Phalacrocorax punctatus,A,Y,,Y,,,,,grant,27/06/2016
Phalacrocorax ranfurlyi,A,Y,,Y,,,,,grant,27/06/2016
Phalacrocorax sulcirostris,A,,,,,,,,grant,27/06/2016
Phalacrocorax urile,A,Y,,Y,,,,,grant,27/06/2016
Phalacrocorax varius,A,,,Y,,,,,grant,27/06/2016
Phalacrocorax verrucosus,A,,,,,,,,grant,27/06/2016
Pluvianellus socialis,,,,,,,,,grant,27/06/2016
Pluvianus aegyptius,,,,,,,,,grant,27/06/2016
Aphrodroma brevirostris,SP,,,Y,,,,,grant,27/06/2016
Ardenna bulleri,SP,,,Y,,,,,grant,27/06/2016
Ardenna carneipes,SP,Y,,Y,,,,,grant,27/06/2016
Ardenna creatopus,SP,,,,,,,,grant,27/06/2016
Ardenna gravis,SP,,,,,,,,grant,27/06/2016
Ardenna grisea,SP,,,Y,,,,,grant,27/06/2016
Ardenna pacifica,SP,,,Y,,,,,grant,27/06/2016
Ardenna tenuirostris,SP,,,Y,,,,,grant,27/06/2016
Bulweria bifax,,,,,,,,,grant,27/06/2016
Bulweria bulwerii,SP,,,Y,,,,,grant,27/06/2016
Bulweria fallax,SP,,,,,,,,grant,27/06/2016
Calonectris borealis,SP,,,Y,,,,,grant,27/06/2016
Calonectris diomedea,SP,,,,,,,,grant,27/06/2016
Calonectris edwardsii,SP,,,,,,,,grant,27/06/2016
Calonectris leucomelas,SP,,,,,,,,grant,27/06/2016
Daption capense,SP,,,Y,,,,,grant,27/06/2016
Fulmarus glacialis,SP,,,Y,,,,,grant,27/06/2016
Fulmarus glacialoides,SP,,,Y,,,,,grant,27/06/2016
Halobaena caerulea,SP,Y,,,,,,,grant,27/06/2016
Macronectes giganteus,SP,,,Y,,,,,grant,27/06/2016
Macronectes halli,SP,Y,,,,,,,grant,27/06/2016
Pachyptila belcheri,SP,,Y,,,,,,grant,27/06/2016
Pachyptila crassirostris,SP,Y,,,,,,,grant,27/06/2016
Pachyptila desolata,SP,,,Y,,,,,grant,27/06/2016
Pachyptila salvini,SP,,,,,,,,grant,27/06/2016
Pachyptila turtur,SP,Y,,,,,,,grant,27/06/2016
Pachyptila vittata,SP,,,Y,,,,,grant,27/06/2016
Pagodroma nivea,SP,Y,,Y,,,,,grant,27/06/2016
Pelecanoides garnotii,SP,Y,,,,,,,grant,27/06/2016
Pelecanoides georgicus,SP,Y,,,,,,,grant,27/06/2016
Pelecanoides magellani,SP,Y,,,,,,,grant,27/06/2016
Pelecanoides urinatrix,SP,Y,,,,,,,grant,27/06/2016
Pelecanoides urinatrix exsul,SP,,,,,,,,grant,27/06/2016
Procellaria aequinoctialis,SP,,,Y,,,,,grant,27/06/2016
Procellaria cinerea,SP,,,Y,,,,,grant,27/06/2016
Procellaria conspicillata,SP,,,Y,,,,,grant,27/06/2016
Procellaria parkinsoni,SP,,,Y,,,,,grant,27/06/2016
Procellaria westlandica,SP,,,Y,,,,,grant,27/06/2016
Pseudobulweria aterrima,SP,,,,,,,,grant,27/06/2016
Pseudobulweria becki,SP,,,,,,,,grant,27/06/2016
Pseudobulweria macgillivrayi,SP,,,,,,,,grant,27/06/2016
Pseudobulweria rostrata,SP,,,,,,,,grant,27/06/2016
Pterdroma occulta,SP,,,,,,,,grant,27/06/2016
Pterodroma alba,SP,Y,,,,,,,grant,27/06/2016
Pterodroma arminjoniana,SP,,,Y,,,,,grant,27/06/2016
Pterodroma atrata,SP,,,Y,,,,,grant,27/06/2016
Pterodroma axillaris,SP,,,,,,,,grant,27/06/2016
Pterodroma baraui,SP,,,,,,,,grant,27/06/2016
Pterodroma brevipes,SP,,,,,,,,grant,27/06/2016
Pterodroma cahow,SP,,,Y,,,,,grant,27/06/2016
Pterodroma caribbaea,SP,,,,,,,,grant,27/06/2016
Pterodroma cervicalis,SP,,,,,,,,grant,27/06/2016
Pterodroma cookii,SP,,,Y,,,,,grant,27/06/2016
Pterodroma defilippiana,SP,,,,,,,,grant,27/06/2016
Pterodroma deserta,,,,,,,,,grant,27/06/2016
Pterodroma externa,SP,,,Y,,,,,grant,27/06/2016
Pterodroma feae,SP,,,,,,,,grant,27/06/2016
Pterodroma gouldi,,,,,,,,,grant,27/06/2016
Pterodroma hasitata,SP,,,Y,,,,,grant,27/06/2016
Pterodroma heraldica,SP,Y,,,,,,,grant,27/06/2016
Pterodroma hypoleuca,SP,,,Y,,,,,grant,27/06/2016
Pterodroma incerta,SP,,,,,,,,grant,27/06/2016
Pterodroma inexpectata,SP,,,Y,,,,,grant,27/06/2016
Pterodroma lessonii,SP,,,Y,,,,,grant,27/06/2016
Pterodroma leucoptera,SP,,,Y,,,,,grant,27/06/2016
Pterodroma longirostris,SP,,,Y,,,,,grant,27/06/2016
Pterodroma macroptera,SP,,,Y,,,,,grant,27/06/2016
Pterodroma madeira,SP,,,,,,,,grant,27/06/2016
Pterodroma magentae,SP,,,Y,,,,,grant,27/06/2016
Pterodroma mollis,SP,,,Y,,,,,grant,27/06/2016
Pterodroma neglecta,SP,Y,,,,,,,grant,27/06/2016
Pterodroma nigripennis,SP,,,Y,,,,,grant,27/06/2016
Pterodroma phaeopygia,SP,,,Y,,,,,grant,27/06/2016
Pterodroma pycrofti,SP,,,,,,,,grant,27/06/2016
Pterodroma rupinarum,,,,,,,,,grant,27/06/2016
Pterodroma sandwichensis,SP,,,Y,,,,,grant,27/06/2016
Pterodroma solandri,SP,,,Y,,,,,grant,27/06/2016
Pterodroma ultima,SP,,,,,,,,grant,27/06/2016
Puffinus assimilis,SP,,,Y,,,,,grant,27/06/2016
Puffinus auricularis,SP,,,Y,,,,,grant,27/06/2016
Puffinus bailloni,,,,,,,,,grant,27/06/2016
Puffinus bannermani,,,,,,,,,grant,27/06/2016
Puffinus bryani,,,,,,,,,grant,27/06/2016
Puffinus elegans,,,,,,,,,grant,27/06/2016
Puffinus gavia,SP,Y,,Y,,,,,grant,27/06/2016
Puffinus heinrothi,SP,,,,,,,,grant,27/06/2016
Puffinus huttoni,SP,Y,,Y,,,,,grant,27/06/2016
Puffinus lherminieri,SP,,Y,,,,,,grant,27/06/2016
Puffinus mauretanicus,SP,,,,,,,,grant,27/06/2016
Puffinus nativitatis,SP,,,,,,,,grant,27/06/2016
Puffinus newelli,SP,,,Y,,,,,grant,27/06/2016
Puffinus opisthomelas,SP,Y,,,,,,,grant,27/06/2016
Puffinus persicus,,,,,,,,,grant,27/06/2016
Puffinus puffinus,SP,,,Y,,,,,grant,27/06/2016
Puffinus subalaris,,,,,,,,,grant,27/06/2016
Puffinus yelkouan,SP,Y,,,,,,,grant,27/06/2016
Thalassoica antarctica,SP,Y,,Y,,,,,grant,27/06/2016
Cladorhynchus leucocephalus,,,,,,,,,grant,27/06/2016
Himantopus himantopus,,,,,,,,,grant,27/06/2016
Himantopus novaezelandiae,,,,,,,,,grant,27/06/2016
Recurvirostra americana,,,,,,,,,grant,27/06/2016
Recurvirostra andina,,,,,,,,,grant,27/06/2016
Recurvirostra avosetta,,,,,,,,,grant,27/06/2016
Recurvirostra novaehollandiae,,,,,,,,,grant,27/06/2016
Nycticryphes semicollaris,,,,,,,,,grant,27/06/2016
Rostratula australis,,,,,,,,,grant,27/06/2016
Rostratula benghalensis,,,,,,,,,grant,27/06/2016
Actitis hypoleucos,,,,,,,,,grant,27/06/2016
Actitis macularius,,,,,,,,,grant,27/06/2016
Arenaria interpres,,,,,,,,,grant,27/06/2016
Arenaria melanocephala,,,,,,,,,grant,27/06/2016
Bartramia longicauda,,,,,,,,,grant,27/06/2016
Calidris acuminata,,,,,,,,,grant,27/06/2016
Calidris alba,,,,,,,,,grant,27/06/2016
Calidris alpina,,,,,,,,,grant,27/06/2016
Calidris bairdii,,,,,,,,,grant,27/06/2016
Calidris canutus,,,,,,,,,grant,27/06/2016
Calidris falcinellus,,,,,,,,,grant,27/06/2016
Calidris ferruginea,,,,,,,,,grant,27/06/2016
Calidris fuscicollis,,,,,,,,,grant,27/06/2016
Calidris himantopus,,,,,,,,,grant,27/06/2016
Calidris maritima,,,,,,,,,grant,27/06/2016
Calidris mauri,,,,,,,,,grant,27/06/2016
Calidris melanotos,,,,,,,,,grant,27/06/2016
Calidris minuta,,,,,,,,,grant,27/06/2016
Calidris minutilla,,,,,,,,,grant,27/06/2016
Calidris ptilocnemis,,,,,,,,,grant,27/06/2016
Calidris pugnax,,,,,,,,,grant,27/06/2016
Calidris pusilla,,,,,,,,,grant,27/06/2016
Calidris pygmaea,,,,,,,,,grant,27/06/2016
Calidris ruficollis,,,,,,,,,grant,27/06/2016
Calidris subminuta,,,,,,,,,grant,27/06/2016
Calidris subruficollis,,,,,,,,,grant,27/06/2016
Calidris temminckii,,,,,,,,,grant,27/06/2016
Calidris tenuirostris,,,,,,,,,grant,27/06/2016
Calidris virgata,,,,,,,,,grant,27/06/2016
Coenocorypha aucklandica,,,,,,,,,grant,27/06/2016
Coenocorypha barrierensis,,,,,,,,,grant,27/06/2016
Coenocorypha huegeli,,,,,,,,,grant,27/06/2016
Coenocorypha iredalei,,,,,,,,,grant,27/06/2016
Coenocorypha pusilla,,,,,,,,,grant,27/06/2016
Gallinago andina,,,,,,,,,grant,27/06/2016
Gallinago delicata,,,,,,,,,grant,27/06/2016
Gallinago gallinago,,,,,,,,,grant,27/06/2016
Gallinago hardwickii,,,,,,,,,grant,27/06/2016
Gallinago imperialis,,,,,,,,,grant,27/06/2016
Gallinago jamesoni,,,,,,,,,grant,27/06/2016
Gallinago macrodactyla,,,,,,,,,grant,27/06/2016
Gallinago media,,,,,,,,,grant,27/06/2016
Gallinago megala,,,,,,,,,grant,27/06/2016
Gallinago nemoricola,,,,,,,,,grant,27/06/2016
Gallinago nigripennis,,,,,,,,,grant,27/06/2016
Gallinago nobilis,,,,,,,,,grant,27/06/2016
Gallinago paraguaiae,,,,,,,,,grant,27/06/2016
Gallinago solitaria,,,,,,,,,grant,27/06/2016
Gallinago stenura,,,,,,,,,grant,27/06/2016
Gallinago stricklandii,,,,,,,,,grant,27/06/2016
Gallinago undulata,,,,,,,,,grant,27/06/2016
Limnodromus griseus,,,,,,,,,grant,27/06/2016
Limnodromus scolopaceus,,,,,,,,,grant,27/06/2016
Limnodromus semipalmatus,,,,,,,,,grant,27/06/2016
Limosa fedoa,,,,,,,,,grant,27/06/2016
Limosa haemastica,,,,,,,,,grant,27/06/2016
Limosa lapponica,,,,,,,,,grant,27/06/2016
Limosa limosa,,,,,,,,,grant,27/06/2016
Lymnocryptes minimus,,,,,,,,,grant,27/06/2016
Numenius americanus,,,,,,,,,grant,27/06/2016
Numenius arquata,,,,,,,,,grant,27/06/2016
Numenius borealis,,,,,,,,,grant,27/06/2016
Numenius madagascariensis,,,,,,,,,grant,27/06/2016
Numenius minutus,,,,,,,,,grant,27/06/2016
Numenius phaeopus,,,,,,,,,grant,27/06/2016
Numenius tahitiensis,,,,,,,,,grant,27/06/2016
Numenius tenuirostris,,,,,,,,,grant,27/06/2016
Phalaropus fulicarius,,,,,,,,,grant,27/06/2016
Phalaropus lobatus,,,,,,,,,grant,27/06/2016
Prosobonia cancellata,,,,,,,,,grant,27/06/2016
Prosobonia ellisi,,,,,,,,,grant,27/06/2016
Prosobonia leucoptera,,,,,,,,,grant,27/06/2016
Prosobonia parvirostris,,,,,,,,,grant,27/06/2016
Scolopax bukidnonensis,,,,,,,,,grant,27/06/2016
Scolopax celebensis,,,,,,,,,grant,27/06/2016
Scolopax minor,,,,,,,,,grant,27/06/2016
Scolopax mira,,,,,,,,,grant,27/06/2016
Scolopax rochussenii,,,,,,,,,grant,27/06/2016
Scolopax rosenbergii,,,,,,,,,grant,27/06/2016
Scolopax rusticola,,,,,,,,,grant,27/06/2016
Scolopax saturata,,,,,,,,,grant,27/06/2016
Steganopus tricolor,,,,,,,,,grant,27/06/2016
Tringa brevipes,,,,,,,,,grant,27/06/2016
Tringa erythropus,,,,,,,,,grant,27/06/2016
Tringa flavipes,,,,,,,,,grant,27/06/2016
Tringa glareola,,,,,,,,,grant,27/06/2016
Tringa guttifer,,,,,,,,,grant,27/06/2016
Tringa incana,,,,,,,,,grant,27/06/2016
Tringa melanoleuca,,,,,,,,,grant,27/06/2016
Tringa nebularia,,,,,,,,,grant,27/06/2016
Tringa ochropus,,,,,,,,,grant,27/06/2016
Tringa semipalmata,,,,,,,,,grant,27/06/2016
Tringa solitaria,,,,,,,,,grant,27/06/2016
Tringa stagnatilis,,,,,,,,,grant,27/06/2016
Tringa totanus,,,,,,,,,grant,27/06/2016
Xenus cinereus,,,,,,,,,grant,27/06/2016
Scopus umbretta,,,,,,,,,grant,27/06/2016
Aptenodytes forsteri,SA,,,Y,,,,,grant,27/06/2016
Aptenodytes patagonicus,SA,,,Y,,,,,grant,27/06/2016
Eudyptes chrysocome,SA,,,Y,,,,,grant,27/06/2016
Eudyptes chrysolophus,SA,,Y,Y,,,,,grant,27/06/2016
Eudyptes moseleyi,,,,,,,,,grant,27/06/2016
Eudyptes pachyrhynchus,SA,,Y,,,,,,grant,27/06/2016
Eudyptes robustus,SA,,,Y,,,,,grant,27/06/2016
Eudyptes schlegeli,SA,,,Y,,,,,grant,27/06/2016
Eudyptes sclateri,SA,,,Y,,,,,grant,27/06/2016
Eudyptula minor,SA,Y,,,,,,,grant,27/06/2016
Megadyptes antipodes,SA,Y,,,,,,,grant,27/06/2016
Pygoscelis adeliae,SA,,Y,,,,,,grant,27/06/2016
Pygoscelis antarcticus,SA,,Y,,,,,,grant,27/06/2016
Pygoscelis papua,SA,Y,,,,,,,grant,27/06/2016
Spheniscus demersus,SA,Y,,,,,,,grant,27/06/2016
Spheniscus humboldti,SA,Y,,,,,,,grant,27/06/2016
Spheniscus magellanicus,SA,Y,,,,,,,grant,27/06/2016
Spheniscus mendiculus,SA,Y,,,,,,,grant,27/06/2016
Catharacta antarctica,SP,Y,,,,,,,grant,27/06/2016
Catharacta chilensis,SP,Y,,,,,,,grant,27/06/2016
Catharacta maccormicki,SP,,Y,,,,,,grant,27/06/2016
Catharacta skua,SP,Y,,,,,,,grant,27/06/2016
Stercorarius longicaudus,SP,Y,,,,,,,grant,27/06/2016
Stercorarius parasiticus,SP,Y,,,,,,,grant,27/06/2016
Stercorarius pomarinus,SP,,Y,,,,,,grant,27/06/2016
Morus bassanus,A,,,Y,,,,,grant,27/06/2016
Morus capensis,A,,,Y,,,,,grant,27/06/2016
Morus serrator,A,,,Y,,,,,grant,27/06/2016
Papasula abbotti,A,,,Y,,,,,grant,27/06/2016
Sula dactylatra,A,,,Y,,,,,grant,27/06/2016
Sula granti,A,Y,,Y,,,,,grant,27/06/2016
Sula leucogaster,A,Y,,Y,,,,,grant,27/06/2016
Sula nebouxii,A,Y,,Y,,,,,grant,27/06/2016
Sula sula,A,,,Y,,,,,grant,27/06/2016
Sula variegata,A,Y,,Y,,,,,grant,27/06/2016
Attagis gayi,,,,,,,,,grant,27/06/2016
Attagis malouinus,,,,,,,,,grant,27/06/2016
Thinocorus orbignyianus,,,,,,,,,grant,27/06/2016
Thinocorus rumicivorus,,,,,,,,,grant,27/06/2016
Bostrychia bocagei,,,,,,,,,grant,27/06/2016
Bostrychia carunculata,,,,,,,,,grant,27/06/2016
Bostrychia hagedash,,,,,,,,,grant,27/06/2016
Bostrychia olivacea,,,,,,,,,grant,27/06/2016
Bostrychia rara,,,,,,,,,grant,27/06/2016
Cercibis oxycerca,,,,,,,,,grant,27/06/2016
Eudocimus albus,,,,,,,,,grant,27/06/2016
Eudocimus ruber,,,,,,,,,grant,27/06/2016
Geronticus calvus,,,,,,,,,grant,27/06/2016
Geronticus eremita,,,,,,,,,grant,27/06/2016
Lophotibis cristata,,,,,,,,,grant,27/06/2016
Mesembrinibis cayennensis,,,,,,,,,grant,27/06/2016
Nipponia nippon,,,,,,,,,grant,27/06/2016
Phimosus infuscatus,,,,,,,,,grant,27/06/2016
Platalea ajaja,,,,,,,,,grant,27/06/2016
Platalea alba,,,,,,,,,grant,27/06/2016
Platalea flavipes,,,,,,,,,grant,27/06/2016
Platalea leucorodia,,,,,,,,,grant,27/06/2016
Platalea minor,,,,,,,,,grant,27/06/2016
Platalea regia,,,,,,,,,grant,27/06/2016
Plegadis chihi,,,,,,,,,grant,27/06/2016
Plegadis falcinellus,,,,,,,,,grant,27/06/2016
Plegadis ridgwayi,,,,,,,,,grant,27/06/2016
Pseudibis davisoni,,,,,,,,,grant,27/06/2016
Pseudibis papillosa,,,,,,,,,grant,27/06/2016
Thaumatibis gigantea,,,,,,,,,grant,27/06/2016
Theristicus branickii,,,,,,,,,grant,27/06/2016
Theristicus caerulescens,,,,,,,,,grant,27/06/2016
Theristicus caudatus,,,,,,,,,grant,27/06/2016
Theristicus melanopis,,,,,,,,,grant,27/06/2016
Threskiornis aethiopicus,,,,,,,,,grant,27/06/2016
Threskiornis bernieri,,,,,,,,,grant,27/06/2016
Threskiornis melanocephalus,,,,,,,,,grant,27/06/2016
Threskiornis moluccus,,,,,,,,,grant,27/06/2016
Threskiornis solitarius,,,,,,,,,grant,27/06/2016
Threskiornis spinicollis,,,,,,,,,grant,27/06/2016
Ortyxelos meiffrenii,,,,,,,,,grant,27/06/2016
Turnix castanotus,,,,,,,,,grant,27/06/2016
Turnix everetti,,,,,,,,,grant,27/06/2016
Turnix hottentottus,,,,,,,,,grant,27/06/2016
Turnix maculosus,,,,,,,,,grant,27/06/2016
Turnix melanogaster,,,,,,,,,grant,27/06/2016
Turnix nanus,,,,,,,,,grant,27/06/2016
Turnix nigricollis,,,,,,,,,grant,27/06/2016
Turnix novaecaledoniae,,,,,,,,,grant,27/06/2016
Turnix ocellatus,,,,,,,,,grant,27/06/2016
Turnix olivii,,,,,,,,,grant,27/06/2016
Turnix pyrrhothorax,,,,,,,,,grant,27/06/2016
Turnix suscitator,,,,,,,,,grant,27/06/2016
Turnix sylvaticus,,,,,,,,,grant,27/06/2016
Turnix tanki,,,,,,,,,grant,27/06/2016
Turnix varius,,,,,,,,,grant,27/06/2016
Turnix velox,,,,,,,,,grant,27/06/2016
Turnix worcesteri,,,,,,,,,grant,27/06/2016
